<?xml version="1.0" encoding="UTF-8"?>
<GenRun Id="impl_1" LaunchPart="xc7a35tcpg236-1" LaunchTime="1495393421">
  <File Type="PWROPT-DRC" Name="Master_drc_pwropted.rpt"/>
  <File Type="OPT-METHODOLOGY-DRC" Name="Master_methodology_drc_opted.rpt"/>
  <File Type="INIT-TIMING" Name="Master_timing_summary_init.rpt"/>
  <File Type="ROUTE-PWR-RPX" Name="Master_power_routed.rpx"/>
  <File Type="PA-TCL" Name="Master.tcl"/>
  <File Type="OPT-HWDEF" Name="Master.hwdef"/>
  <File Type="RDI-RDI" Name="Master.vdi"/>
  <File Type="OPT-DCP" Name="Master_opt.dcp"/>
  <File Type="OPT-DRC" Name="Master_drc_opted.rpt"/>
  <File Type="OPT-TIMING" Name="Master_timing_summary_opted.rpt"/>
  <File Type="PWROPT-DCP" Name="Master_pwropt.dcp"/>
  <File Type="PWROPT-TIMING" Name="Master_timing_summary_pwropted.rpt"/>
  <File Type="PLACE-DCP" Name="Master_placed.dcp"/>
  <File Type="PLACE-IO" Name="Master_io_placed.rpt"/>
  <File Type="PLACE-CLK" Name="Master_clock_utilization_placed.rpt"/>
  <File Type="PLACE-UTIL" Name="Master_utilization_placed.rpt"/>
  <File Type="PLACE-UTIL-PB" Name="Master_utilization_placed.pb"/>
  <File Type="PLACE-CTRL" Name="Master_control_sets_placed.rpt"/>
  <File Type="PLACE-SIMILARITY" Name="Master_incremental_reuse_placed.rpt"/>
  <File Type="PLACE-PRE-SIMILARITY" Name="Master_incremental_reuse_pre_placed.rpt"/>
  <File Type="PLACE-TIMING" Name="Master_timing_summary_placed.rpt"/>
  <File Type="POSTPLACE-PWROPT-DCP" Name="Master_postplace_pwropt.dcp"/>
  <File Type="POSTPLACE-PWROPT-TIMING" Name="Master_timing_summary_postplace_pwropted.rpt"/>
  <File Type="PHYSOPT-DCP" Name="Master_physopt.dcp"/>
  <File Type="PHYSOPT-DRC" Name="Master_drc_physopted.rpt"/>
  <File Type="PHYSOPT-TIMING" Name="Master_timing_summary_physopted.rpt"/>
  <File Type="ROUTE-ERROR-DCP" Name="Master_routed_error.dcp"/>
  <File Type="ROUTE-DCP" Name="Master_routed.dcp"/>
  <File Type="ROUTE-BLACKBOX-DCP" Name="Master_routed_bb.dcp"/>
  <File Type="ROUTE-DRC" Name="Master_drc_routed.rpt"/>
  <File Type="ROUTE-DRC-PB" Name="Master_drc_routed.pb"/>
  <File Type="BG-BIN" Name="Master.bin"/>
  <File Type="ROUTE-DRC-RPX" Name="Master_drc_routed.rpx"/>
  <File Type="BG-DRC" Name="Master.drc"/>
  <File Type="ROUTE-METHODOLOGY-DRC" Name="Master_methodology_drc_routed.rpt"/>
  <File Type="BITSTR-MSK" Name="Master.msk"/>
  <File Type="ROUTE-METHODOLOGY-DRC-RPX" Name="Master_methodology_drc_routed.rpx"/>
  <File Type="BG-BGN" Name="Master.bgn"/>
  <File Type="ROUTE-METHODOLOGY-DRC-PB" Name="Master_methodology_drc_routed.pb"/>
  <File Type="ROUTE-PWR" Name="Master_power_routed.rpt"/>
  <File Type="ROUTE-PWR-SUM" Name="Master_power_summary_routed.pb"/>
  <File Type="ROUTE-STATUS" Name="Master_route_status.rpt"/>
  <File Type="ROUTE-STATUS-PB" Name="Master_route_status.pb"/>
  <File Type="ROUTE-TIMINGSUMMARY" Name="Master_timing_summary_routed.rpt"/>
  <File Type="ROUTE-TIMING-PB" Name="Master_timing_summary_routed.pb"/>
  <File Type="ROUTE-TIMING-RPX" Name="Master_timing_summary_routed.rpx"/>
  <File Type="ROUTE-SIMILARITY" Name="Master_incremental_reuse_routed.rpt"/>
  <File Type="ROUTE-CLK" Name="Master_clock_utilization_routed.rpt"/>
  <File Type="POSTROUTE-PHYSOPT-DCP" Name="Master_postroute_physopt.dcp"/>
  <File Type="POSTROUTE-PHYSOPT-BLACKBOX-DCP" Name="Master_postroute_physopt_bb.dcp"/>
  <File Type="POSTROUTE-PHYSOPT-TIMING" Name="Master_timing_summary_postroute_physopted.rpt"/>
  <File Type="POSTROUTE-PHYSOPT-TIMING-PB" Name="Master_timing_summary_postroute_physopted.pb"/>
  <File Type="POSTROUTE-PHYSOPT-TIMING-RPX" Name="Master_timing_summary_postroute_physopted.rpx"/>
  <File Type="BG-BIT" Name="Master.bit"/>
  <File Type="BITSTR-RBT" Name="Master.rbt"/>
  <File Type="BITSTR-NKY" Name="Master.nky"/>
  <File Type="BITSTR-BMM" Name="Master_bd.bmm"/>
  <File Type="BITSTR-MMI" Name="Master.mmi"/>
  <File Type="BITSTR-SYSDEF" Name="Master.sysdef"/>
  <File Type="WBT-USG" Name="usage_statistics_webtalk.html"/>
  <FileSet Name="sources" Type="DesignSrcs" RelSrcDir="$PSRCDIR/sources_1">
    <Filter Type="Srcs"/>
    <File Path="$PSRCDIR/sources_1/ip/ClkGen/ClkGen.xci">
      <FileInfo>
        <Attr Name="UsedIn" Val="synthesis"/>
        <Attr Name="UsedIn" Val="implementation"/>
        <Attr Name="UsedIn" Val="simulation"/>
      </FileInfo>
    </File>
    <File Path="$PPRDIR/../src/hdl/MouseCtl.vhd">
      <FileInfo>
        <Attr Name="UsedIn" Val="synthesis"/>
        <Attr Name="UsedIn" Val="simulation"/>
      </FileInfo>
    </File>
    <File Path="$PPRDIR/../src/hdl/MouseDisplay.vhd">
      <FileInfo>
        <Attr Name="UsedIn" Val="synthesis"/>
        <Attr Name="UsedIn" Val="simulation"/>
      </FileInfo>
    </File>
    <File Path="$PPRDIR/../src/hdl/Ps2Interface.vhd">
      <FileInfo>
        <Attr Name="UsedIn" Val="synthesis"/>
        <Attr Name="UsedIn" Val="simulation"/>
      </FileInfo>
    </File>
    <File Path="$PSRCDIR/sources_1/new/VGAIntegrator.vhd">
      <FileInfo>
        <Attr Name="UsedIn" Val="synthesis"/>
        <Attr Name="UsedIn" Val="simulation"/>
      </FileInfo>
    </File>
    <File Path="$PSRCDIR/sources_1/new/drawLogo.vhd">
      <FileInfo>
        <Attr Name="UsedIn" Val="synthesis"/>
        <Attr Name="UsedIn" Val="simulation"/>
      </FileInfo>
    </File>
    <File Path="$PSRCDIR/sources_1/new/overlayControls.vhd">
      <FileInfo>
        <Attr Name="UsedIn" Val="synthesis"/>
        <Attr Name="UsedIn" Val="simulation"/>
      </FileInfo>
    </File>
    <File Path="$PPRDIR/../src/hdl/GPIO_Demo.vhd">
      <FileInfo>
        <Attr Name="UsedIn" Val="synthesis"/>
        <Attr Name="UsedIn" Val="simulation"/>
      </FileInfo>
    </File>
    <File Path="$PSRCDIR/sources_1/new/mouseControl.vhd">
      <FileInfo>
        <Attr Name="AutoDisabled" Val="1"/>
        <Attr Name="UsedIn" Val="synthesis"/>
        <Attr Name="UsedIn" Val="simulation"/>
      </FileInfo>
    </File>
    <File Path="$PPRDIR/../../../BackupsOfExampleCode/Nexys4DDR-master/ProjectsBuiltUsing2015.2/User_Demo/src/others/Nexys4_all.coe">
      <FileInfo>
        <Attr Name="UsedIn" Val="synthesis"/>
        <Attr Name="UsedIn" Val="simulation"/>
      </FileInfo>
    </File>
    <Config>
      <Option Name="DesignMode" Val="RTL"/>
      <Option Name="TopModule" Val="Master"/>
      <Option Name="TopAutoSet" Val="TRUE"/>
    </Config>
  </FileSet>
  <FileSet Name="constrs_in" Type="Constrs" RelSrcDir="$PSRCDIR/constrs_1">
    <Filter Type="Constrs"/>
    <File Path="$PPRDIR/../src/constraints/Basys3_Master.xdc">
      <FileInfo>
        <Attr Name="UsedIn" Val="synthesis"/>
        <Attr Name="UsedIn" Val="implementation"/>
      </FileInfo>
    </File>
    <Config>
      <Option Name="ConstrsType" Val="XDC"/>
    </Config>
  </FileSet>
  <Strategy Version="1" Minor="2">
    <StratHandle Name="Vivado Implementation Defaults" Flow="Vivado Implementation 2017"/>
    <Step Id="init_design"/>
    <Step Id="opt_design"/>
    <Step Id="power_opt_design"/>
    <Step Id="place_design"/>
    <Step Id="post_place_power_opt_design"/>
    <Step Id="phys_opt_design"/>
    <Step Id="route_design"/>
    <Step Id="post_route_phys_opt_design"/>
    <Step Id="write_bitstream"/>
  </Strategy>
  <BlockFileSet Type="BlockSrcs" Name="PxlClkGen"/>
  <BlockFileSet Type="BlockSrcs" Name="BRAM_1"/>
</GenRun>
