<?xml version="1.0" encoding="UTF-8"?>
<GenRun Id="BRAM_1_synth_1" LaunchPart="xc7a35tcpg236-1" LaunchTime="1495338540">
  <File Type="PA-TCL" Name="BRAM_1.tcl"/>
  <File Type="RDS-PROPCONSTRS" Name="BRAM_1_drc_synth.rpt"/>
  <File Type="RDS-RDS" Name="BRAM_1.vds"/>
  <File Type="RDS-UTIL" Name="BRAM_1_utilization_synth.rpt"/>
  <File Type="RDS-UTIL-PB" Name="BRAM_1_utilization_synth.pb"/>
  <File Type="RDS-DCP" Name="BRAM_1.dcp"/>
  <File Type="VDS-TIMINGSUMMARY" Name="BRAM_1_timing_summary_synth.rpt"/>
  <File Type="VDS-TIMING-PB" Name="BRAM_1_timing_summary_synth.pb"/>
  <FileSet Name="sources" Type="BlockSrcs" RelSrcDir="$PSRCDIR/BRAM_1">
    <File Path="$PSRCDIR/sources_1/ip/BRAM_1/BRAM_1.xci">
      <FileInfo>
        <Attr Name="UsedIn" Val="synthesis"/>
        <Attr Name="UsedIn" Val="implementation"/>
        <Attr Name="UsedIn" Val="simulation"/>
      </FileInfo>
    </File>
    <Config>
      <Option Name="TopModule" Val="BRAM_1"/>
      <Option Name="UseBlackboxStub" Val="1"/>
    </Config>
  </FileSet>
  <FileSet Name="constrs_in" Type="BlockSrcs" RelSrcDir="$PSRCDIR/BRAM_1">
    <File Path="$PSRCDIR/sources_1/ip/BRAM_1/BRAM_1.xci">
      <FileInfo>
        <Attr Name="UsedIn" Val="synthesis"/>
        <Attr Name="UsedIn" Val="implementation"/>
        <Attr Name="UsedIn" Val="simulation"/>
      </FileInfo>
    </File>
    <Config>
      <Option Name="TopModule" Val="BRAM_1"/>
      <Option Name="UseBlackboxStub" Val="1"/>
    </Config>
  </FileSet>
  <Strategy Version="1" Minor="2">
    <StratHandle Name="Vivado Synthesis Defaults" Flow="Vivado Synthesis 2017"/>
    <Step Id="synth_design"/>
  </Strategy>
</GenRun>
